<ComicBook><item type="metainfo" cauthor="Παπανικολάου_Γεώργιος_©_2012" ctitle="5._H_ιστορία_του_Αβραάμ" /><item type="clipart" load="myloader" name="clipart10" file="Αβραάμ1.png" hflip="false" vflip="false" x="93.05" y="567.7" width="570.15" height="392.1" depth="5547" rotation="0" /><item type="clipart" load="myloader" name="clipart9" file="Projekt11.jpg" hflip="false" vflip="true" x="1119.05" y="135.8" width="115.2" height="143.8" depth="5544" rotation="0" /><item type="clipart" load="myloader" name="clipart8" file="άγγελος σύνεφο.png" hflip="false" vflip="false" x="122.05" y="137.25" width="322" height="203" depth="5541" rotation="0" /><item type="clipart" load="myloader" name="clipart7" file="νύχτα.PNG" hflip="false" vflip="false" x="81.85" y="135.35" width="1039.2" height="824.2" depth="5523" rotation="0" /><item type="tballoons" mcy="251.85" mcx="996.1" name="tballoons1" intextheight="136.15" intextwidth="282.75" intexty="125.6" intextx="612.2" intext="&lt;TEXTFORMAT LEADING=&quot;2&quot;&gt;&lt;P ALIGN=&quot;CENTER&quot;&gt;&lt;FONT FACE=&quot;Comic Sans MS&quot; SIZE=&quot;18&quot; COLOR=&quot;#000000&quot; LETTERSPACING=&quot;0&quot; KERNING=&quot;1&quot;&gt;&lt;/FONT&gt;&lt;/P&gt;&lt;/TEXTFORMAT&gt;&lt;TEXTFORMAT LEADING=&quot;2&quot;&gt;&lt;P ALIGN=&quot;CENTER&quot;&gt;&lt;FONT FACE=&quot;Comic Sans MS&quot; SIZE=&quot;18&quot; COLOR=&quot;#000000&quot; LETTERSPACING=&quot;0&quot; KERNING=&quot;1&quot;&gt;Θα σου δώσω τόσο πολλούς απογόνους σαν τους κόκκους της άμμου στη γη…&lt;/FONT&gt;&lt;/P&gt;&lt;/TEXTFORMAT&gt;" depth="29" x="753.6" y="82.1" width="313.85" height="179.2" /><item type="tballoons" mcy="289.4" mcx="995.3" name="tballoons2" intextheight="307.75" intextwidth="370.65" intexty="532.2" intextx="704.05" intext="&lt;TEXTFORMAT LEADING=&quot;2&quot;&gt;&lt;P ALIGN=&quot;CENTER&quot;&gt;&lt;FONT FACE=&quot;Comic Sans MS&quot; SIZE=&quot;12&quot; COLOR=&quot;#000000&quot; LETTERSPACING=&quot;0&quot; KERNING=&quot;1&quot;&gt;&lt;/FONT&gt;&lt;/P&gt;&lt;/TEXTFORMAT&gt;&lt;TEXTFORMAT LEADING=&quot;2&quot;&gt;&lt;P ALIGN=&quot;CENTER&quot;&gt;&lt;FONT FACE=&quot;Comic Sans MS&quot; SIZE=&quot;12&quot; COLOR=&quot;#000000&quot; LETTERSPACING=&quot;0&quot; KERNING=&quot;1&quot;&gt;&lt;/FONT&gt;&lt;/P&gt;&lt;/TEXTFORMAT&gt;&lt;TEXTFORMAT LEADING=&quot;2&quot;&gt;&lt;P ALIGN=&quot;CENTER&quot;&gt;&lt;FONT FACE=&quot;Comic Sans MS&quot; SIZE=&quot;18&quot; COLOR=&quot;#000000&quot; LETTERSPACING=&quot;0&quot; KERNING=&quot;1&quot;&gt;&lt;/FONT&gt;&lt;/P&gt;&lt;/TEXTFORMAT&gt;&lt;TEXTFORMAT LEADING=&quot;2&quot;&gt;&lt;P ALIGN=&quot;CENTER&quot;&gt;&lt;FONT FACE=&quot;Comic Sans MS&quot; SIZE=&quot;18&quot; COLOR=&quot;#000000&quot; LETTERSPACING=&quot;0&quot; KERNING=&quot;1&quot;&gt;Δε θα ονομάζεσαι πια Άβραμ αλλά  Αβραάμ, γιατί θα σε κάνω πατέρα πλήθους εθνών …Τη Διαθήκη μου τη συνάπτω μαζί σου,  αλλά θα ισχύει και για όλες τις γενιές των απογόνων – Διαθήκη αιώνια, ώστε να  είμαι Θεός δικός σου και των απογόνων σου &lt;/FONT&gt;&lt;/P&gt;&lt;/TEXTFORMAT&gt;&lt;TEXTFORMAT LEADING=&quot;2&quot;&gt;&lt;P ALIGN=&quot;CENTER&quot;&gt;&lt;FONT FACE=&quot;Comic Sans MS&quot; SIZE=&quot;12&quot; COLOR=&quot;#000000&quot; LETTERSPACING=&quot;0&quot; KERNING=&quot;1&quot;&gt;&lt;/FONT&gt;&lt;/P&gt;&lt;/TEXTFORMAT&gt;" depth="27" x="889.4" y="497.4" width="415.15" height="333.35" /><item type="tballoons" mcy="272.4" mcx="995.6" name="tballoons3" intextheight="136.15" intextwidth="319.1" intexty="344.7" intextx="589.35" intext="&lt;TEXTFORMAT LEADING=&quot;2&quot;&gt;&lt;P ALIGN=&quot;CENTER&quot;&gt;&lt;FONT FACE=&quot;Comic Sans MS&quot; SIZE=&quot;18&quot; COLOR=&quot;#000000&quot; LETTERSPACING=&quot;0&quot; KERNING=&quot;1&quot;&gt;Κοίτα τον ουρανό και μέτρα&lt;/FONT&gt;&lt;/P&gt;&lt;/TEXTFORMAT&gt;&lt;TEXTFORMAT LEADING=&quot;2&quot;&gt;&lt;P ALIGN=&quot;CENTER&quot;&gt;&lt;FONT FACE=&quot;Comic Sans MS&quot; SIZE=&quot;18&quot; COLOR=&quot;#000000&quot; LETTERSPACING=&quot;0&quot; KERNING=&quot;1&quot;&gt;τ’ αστέρια, αν μπορείς να τα μετρήσεις. Έτσι αναρίθμητοι θα είναι και οι απόγονοί  σου&lt;/FONT&gt;&lt;/P&gt;&lt;/TEXTFORMAT&gt;" depth="24" x="748.9" y="272.25" width="355.75" height="237.1" /></ComicBook>