<ComicBook><item type="metainfo" cauthor="Παπανικολάου_Γεώργιος_©_2012" ctitle="5._H_ιστορία_του_Αβραάμ" /><item type="layer" load="myloader" name="frame2" file="φύση1 Mittlere Webansicht.jpg" hflip="false" vflip="false" x="533.8" y="552.8" width="595.55" height="421.55" depth="445" rotation="0" /><item type="layer" load="myloader" name="frame1" file="σκηνή άγγελοι1 Mittlere Webansicht.jpg" hflip="false" vflip="false" x="47.9" y="105.6" width="1079.45" height="413.3" depth="377" rotation="0" /><item type="clipart" load="myloader" name="clipart17" file="Αβραάμ4.png" hflip="false" vflip="false" x="697.15" y="723.75" width="148.25" height="173.6" depth="7682" rotation="0" /><item type="clipart" load="myloader" name="clipart16" file="Σάρα1.png" hflip="false" vflip="false" x="851.8" y="733.5" width="90.45" height="152.25" depth="7677" rotation="0" /><item type="clipart" load="myloader" name="clipart15" file="αγια τριας.png" hflip="false" vflip="false" x="59.2" y="736.15" width="413" height="201" depth="7517" rotation="0" /><item type="clipart" load="myloader" name="clipart14" file="Αβραάμ3.png" hflip="false" vflip="false" x="409.55" y="203.45" width="113.1" height="191.05" depth="7509" rotation="0" /><item type="wballoons" mcy="249.75" mcx="800.9" name="wballoons1" intextheight="44.6" intextwidth="130.1" intexty="193.35" intextx="746.05" intext="&lt;TEXTFORMAT LEADING=&quot;2&quot;&gt;&lt;P ALIGN=&quot;CENTER&quot;&gt;&lt;FONT FACE=&quot;Comic Sans MS&quot; SIZE=&quot;16&quot; COLOR=&quot;#000000&quot; LETTERSPACING=&quot;0&quot; KERNING=&quot;1&quot;&gt;Χα!!!&lt;/FONT&gt;&lt;/P&gt;&lt;/TEXTFORMAT&gt;" depth="71" x="811.1" y="161.45" width="137.9" height="64.4" /><item type="tballoons" mcy="212.5" mcx="771.5" name="tballoons2" intextheight="73.55" intextwidth="87.85" intexty="162.35" intextx="646.25" intext="&lt;TEXTFORMAT LEADING=&quot;2&quot;&gt;&lt;P ALIGN=&quot;CENTER&quot;&gt;&lt;FONT FACE=&quot;Comic Sans MS&quot; SIZE=&quot;36&quot; COLOR=&quot;#FF0000&quot; LETTERSPACING=&quot;0&quot; KERNING=&quot;1&quot;&gt;?&lt;FONT SIZE=&quot;18&quot;&gt; &lt;/FONT&gt;&lt;/FONT&gt;&lt;/P&gt;&lt;/TEXTFORMAT&gt;" depth="70" x="690.2" y="128.15" width="89.25" height="98" /><item subtype="balloons" type="sballoons" mcy="734.5" mcx="772.9" name="sballoons3" intextheight="64.3" intextwidth="228.15" intexty="661.75" intextx="571.15" intext="&lt;TEXTFORMAT LEADING=&quot;2&quot;&gt;&lt;P ALIGN=&quot;CENTER&quot;&gt;&lt;FONT FACE=&quot;Comic Sans MS&quot; SIZE=&quot;14&quot; COLOR=&quot;#000000&quot; LETTERSPACING=&quot;0&quot; KERNING=&quot;1&quot;&gt;Θα του δώσουμε το όνομα Ισαάκ, δηλαδή &amp;quot;αυτός που γελά&amp;quot; &lt;/FONT&gt;&lt;/P&gt;&lt;/TEXTFORMAT&gt;" depth="69" x="685.25" y="632.75" width="250.95" height="78.3" /><item type="nballoons" mcy="undefined" mcx="undefined" name="nballoons4" intextheight="64.3" intextwidth="432.05" intexty="555.15" intextx="489" intext="&lt;TEXTFORMAT LEADING=&quot;2&quot;&gt;&lt;P ALIGN=&quot;CENTER&quot;&gt;&lt;FONT FACE=&quot;Comic Sans MS&quot; SIZE=&quot;14&quot; COLOR=&quot;#000000&quot; LETTERSPACING=&quot;0&quot; KERNING=&quot;1&quot;&gt;... έτσι, η Σάρρα έμεινε έγκυος και γέννησε ένα γιο στον Αβραάμ,&lt;/FONT&gt;&lt;/P&gt;&lt;/TEXTFORMAT&gt;&lt;TEXTFORMAT LEADING=&quot;2&quot;&gt;&lt;P ALIGN=&quot;CENTER&quot;&gt;&lt;FONT FACE=&quot;Comic Sans MS&quot; SIZE=&quot;14&quot; COLOR=&quot;#000000&quot; LETTERSPACING=&quot;0&quot; KERNING=&quot;1&quot;&gt; στα γηρατειά του, στο χρόνο που είχε ορίσει ο Θεός.&lt;/FONT&gt;&lt;/P&gt;&lt;/TEXTFORMAT&gt;" depth="67" x="705.05" y="535.25" width="485.9" height="84.1" /><item type="tballoons" mcy="713.8" mcx="234.95" name="tballoons5" intextheight="196.45" intextwidth="367.55" intexty="521.9" intextx="61.8" intext="&lt;TEXTFORMAT LEADING=&quot;2&quot;&gt;&lt;P ALIGN=&quot;CENTER&quot;&gt;&lt;FONT FACE=&quot;Comic Sans MS&quot; SIZE=&quot;14&quot; COLOR=&quot;#000000&quot; LETTERSPACING=&quot;0&quot; KERNING=&quot;1&quot;&gt;&lt;/FONT&gt;&lt;/P&gt;&lt;/TEXTFORMAT&gt;&lt;TEXTFORMAT LEADING=&quot;2&quot;&gt;&lt;P ALIGN=&quot;CENTER&quot;&gt;&lt;FONT FACE=&quot;Comic Sans MS&quot; SIZE=&quot;14&quot; COLOR=&quot;#000000&quot; LETTERSPACING=&quot;0&quot; KERNING=&quot;1&quot;&gt;&lt;/FONT&gt;&lt;/P&gt;&lt;/TEXTFORMAT&gt;&lt;TEXTFORMAT LEADING=&quot;2&quot;&gt;&lt;P ALIGN=&quot;CENTER&quot;&gt;&lt;FONT FACE=&quot;Comic Sans MS&quot; SIZE=&quot;14&quot; COLOR=&quot;#000000&quot; LETTERSPACING=&quot;0&quot; KERNING=&quot;1&quot;&gt;Γιατί γέλασε η Σάρρα; &lt;/FONT&gt;&lt;/P&gt;&lt;/TEXTFORMAT&gt;&lt;TEXTFORMAT LEADING=&quot;2&quot;&gt;&lt;P ALIGN=&quot;CENTER&quot;&gt;&lt;FONT FACE=&quot;Comic Sans MS&quot; SIZE=&quot;14&quot; COLOR=&quot;#000000&quot; LETTERSPACING=&quot;0&quot; KERNING=&quot;1&quot;&gt;Γιατί αμφιβάλλει ότι θ’ αποκτήσει γιο τώρα που γέρασε; &lt;/FONT&gt;&lt;/P&gt;&lt;/TEXTFORMAT&gt;&lt;TEXTFORMAT LEADING=&quot;2&quot;&gt;&lt;P ALIGN=&quot;CENTER&quot;&gt;&lt;FONT FACE=&quot;Comic Sans MS&quot; SIZE=&quot;14&quot; COLOR=&quot;#FF9900&quot; LETTERSPACING=&quot;0&quot; KERNING=&quot;1&quot;&gt;Τίποτα δεν είναι αδύνατο για τον Κύριο! &lt;/FONT&gt;&lt;/P&gt;&lt;/TEXTFORMAT&gt;&lt;TEXTFORMAT LEADING=&quot;2&quot;&gt;&lt;P ALIGN=&quot;CENTER&quot;&gt;&lt;FONT FACE=&quot;Comic Sans MS&quot; SIZE=&quot;14&quot; COLOR=&quot;#000000&quot; LETTERSPACING=&quot;0&quot; KERNING=&quot;1&quot;&gt;Όταν την ίδια εποχή ύστερα από ένα χρόνο θα ξανάρθω σπίτι σου, η Σάρρα θα έχει γιο&lt;/FONT&gt;&lt;/P&gt;&lt;/TEXTFORMAT&gt;&lt;TEXTFORMAT LEADING=&quot;2&quot;&gt;&lt;P ALIGN=&quot;CENTER&quot;&gt;&lt;FONT FACE=&quot;Comic Sans MS&quot; SIZE=&quot;14&quot; COLOR=&quot;#000000&quot; LETTERSPACING=&quot;0&quot; KERNING=&quot;1&quot;&gt;&lt;/FONT&gt;&lt;/P&gt;&lt;/TEXTFORMAT&gt;" depth="65" x="245.6" y="490" width="411.6" height="216.25" /><item subtype="balloons" type="sballoons" mcy="364.9" mcx="119.25" name="sballoons6" intextheight="86.3" intextwidth="228.15" intexty="434.85" intextx="120.5" intext="&lt;TEXTFORMAT LEADING=&quot;2&quot;&gt;&lt;P ALIGN=&quot;CENTER&quot;&gt;&lt;FONT FACE=&quot;Comic Sans MS&quot; SIZE=&quot;14&quot; COLOR=&quot;#009900&quot; LETTERSPACING=&quot;0&quot; KERNING=&quot;1&quot;&gt;Του χρόνου τέτοια εποχή θα ξανάρθω, και η γυναίκα σου η Σάρρα θα έχει γιο !&lt;FONT SIZE=&quot;12&quot;&gt;!!&lt;/FONT&gt;&lt;/FONT&gt;&lt;/P&gt;&lt;/TEXTFORMAT&gt;" depth="54" x="234.6" y="404.1" width="250.95" height="103.8" /><item subtype="balloons" type="sballoons" mcy="213.85" mcx="434.35" name="sballoons7" intextheight="42.25" intextwidth="131.05" intexty="152" intextx="313.6" intext="&lt;TEXTFORMAT LEADING=&quot;2&quot;&gt;&lt;P ALIGN=&quot;CENTER&quot;&gt;&lt;FONT FACE=&quot;Comic Sans MS&quot; SIZE=&quot;14&quot; COLOR=&quot;#000000&quot; LETTERSPACING=&quot;0&quot; KERNING=&quot;1&quot;&gt;Εκεί, στη σκηνή&lt;/FONT&gt;&lt;/P&gt;&lt;/TEXTFORMAT&gt;" depth="51" x="379.15" y="112.8" width="139" height="76.65" /><item subtype="balloons" type="sballoons" mcy="237.15" mcx="163.6" name="sballoons8" intextheight="68.95" intextwidth="172.25" intexty="138.2" intextx="63" intext="&lt;TEXTFORMAT LEADING=&quot;2&quot;&gt;&lt;P ALIGN=&quot;CENTER&quot;&gt;&lt;FONT FACE=&quot;Comic Sans MS&quot; SIZE=&quot;16&quot; COLOR=&quot;#000000&quot; LETTERSPACING=&quot;0&quot; KERNING=&quot;1&quot;&gt;Πού είναι η Σάρρα η γυναίκα σου;&lt;/FONT&gt;&lt;/P&gt;&lt;/TEXTFORMAT&gt;" depth="46" x="149.15" y="105.3" width="186.5" height="90.75" /></ComicBook>