<ComicBook><item type="metainfo" cauthor="Παπανικολάου_Γεώργιος_©_2012" ctitle="5._H_ιστορία_του_Αβραάμ" /><item type="layer" load="myloader" name="frame2" file="φύση1 Mittlere Webansicht.jpg" hflip="false" vflip="false" x="493.25" y="106.55" width="600.55" height="429" depth="2512" rotation="0" /><item type="layer" load="myloader" name="frame1" file="σκηνή άγγελοι Mittlere Webansicht.jpg" hflip="false" vflip="false" x="81.25" y="557.55" width="1018.45" height="464.4" depth="2510" rotation="0" /><item type="clipart" load="myloader" name="clipart13" file="Αβραάμ4.png" hflip="false" vflip="true" x="988.45" y="308.45" width="137.25" height="148.35" depth="7331" rotation="10.8366317690992" /><item type="clipart" load="myloader" name="clipart12" file="αγια τριας.png" hflip="false" vflip="false" x="589.15" y="303.5" width="186.4" height="113.75" depth="7329" rotation="-3.53157209057978" /><item type="clipart" load="myloader" name="clipart11" file="papyros.png" hflip="false" vflip="false" x="31.75" y="19.65" width="491.1" height="526.65" depth="7323" rotation="0" /><item subtype="balloons" type="sballoons" mcy="284.4" mcx="846.4" name="sballoons1" intextheight="64.3" intextwidth="228.15" intexty="186.4" intextx="606.2" intext="&lt;TEXTFORMAT LEADING=&quot;2&quot;&gt;&lt;P ALIGN=&quot;CENTER&quot;&gt;&lt;FONT FACE=&quot;Comic Sans MS&quot; SIZE=&quot;14&quot; COLOR=&quot;#000000&quot; LETTERSPACING=&quot;0&quot; KERNING=&quot;1&quot;&gt;Κύριέ μου, αν έχω την εύνοιά σου, μην προσπεράσεις το δούλο σου. &lt;FONT SIZE=&quot;12&quot;&gt;   &lt;/FONT&gt;&lt;/FONT&gt;&lt;/P&gt;&lt;/TEXTFORMAT&gt;" depth="76" x="720.3" y="144.65" width="250.95" height="103.8" /><item subtype="balloons" type="sballoons" mcy="702.7" mcx="847.2" name="sballoons2" intextheight="86.3" intextwidth="228.15" intexty="544.15" intextx="578.45" intext="&lt;TEXTFORMAT LEADING=&quot;2&quot;&gt;&lt;P ALIGN=&quot;CENTER&quot;&gt;&lt;FONT FACE=&quot;Comic Sans MS&quot; SIZE=&quot;14&quot; COLOR=&quot;#000000&quot; LETTERSPACING=&quot;0&quot; KERNING=&quot;1&quot;&gt;Πάρε γρήγορα τρεις γαβάθες αλεύρι εκλεκτό, ζύμωσέ το και κάνε πίττες&lt;FONT SIZE=&quot;12&quot;&gt;.&lt;/FONT&gt;&lt;/FONT&gt;&lt;/P&gt;&lt;/TEXTFORMAT&gt;" depth="75" x="692.55" y="515.15" width="250.95" height="100.3" /><item subtype="balloons" type="sballoons" mcy="703.2" mcx="880.05" name="sballoons3" intextheight="126.9" intextwidth="196.75" intexty="521" intextx="812.7" intext="&lt;TEXTFORMAT LEADING=&quot;2&quot;&gt;&lt;P ALIGN=&quot;CENTER&quot;&gt;&lt;FONT FACE=&quot;Comic Sans MS&quot; SIZE=&quot;14&quot; COLOR=&quot;#000000&quot; LETTERSPACING=&quot;0&quot; KERNING=&quot;1&quot;&gt;&lt;/FONT&gt;&lt;/P&gt;&lt;/TEXTFORMAT&gt;&lt;TEXTFORMAT LEADING=&quot;2&quot;&gt;&lt;P ALIGN=&quot;CENTER&quot;&gt;&lt;FONT FACE=&quot;Comic Sans MS&quot; SIZE=&quot;12&quot; COLOR=&quot;#000000&quot; LETTERSPACING=&quot;0&quot; KERNING=&quot;1&quot;&gt; Εγώ &lt;FONT SIZE=&quot;14&quot;&gt;πάω να φέρω μοσχάρι τρυφερό και καλό, βούτυτο και γάλα.&lt;/FONT&gt;&lt;/FONT&gt;&lt;/P&gt;&lt;/TEXTFORMAT&gt;&lt;TEXTFORMAT LEADING=&quot;2&quot;&gt;&lt;P ALIGN=&quot;CENTER&quot;&gt;&lt;FONT FACE=&quot;Comic Sans MS&quot; SIZE=&quot;12&quot; COLOR=&quot;#000000&quot; LETTERSPACING=&quot;0&quot; KERNING=&quot;1&quot;&gt;&lt;/FONT&gt;&lt;/P&gt;&lt;/TEXTFORMAT&gt;" depth="74" x="911.1" y="490.3" width="214.75" height="144.35" /><item subtype="balloons" type="sballoons" mcy="296.2" mcx="916.05" name="sballoons4" intextheight="152.4" intextwidth="226.1" intexty="66.05" intextx="851.3" intext="&lt;TEXTFORMAT LEADING=&quot;2&quot;&gt;&lt;P ALIGN=&quot;CENTER&quot;&gt;&lt;FONT FACE=&quot;Comic Sans MS&quot; SIZE=&quot;12&quot; COLOR=&quot;#000000&quot; LETTERSPACING=&quot;0&quot; KERNING=&quot;1&quot;&gt;.&lt;FONT SIZE=&quot;14&quot;&gt; Ας  φέρουν λίγο νερό να πλύνετε τα πόδια σας και μετά μπορείτε ν’ αναπαυθείτε κάτω από το δέντρο. Θα φέρω και λίγο ψωμί να πάρετε δύναμη και μετά μπορείτε  να πηγαίνετε…&lt;/FONT&gt; &lt;/FONT&gt;&lt;/P&gt;&lt;/TEXTFORMAT&gt;" depth="57" x="964.35" y="26.8" width="248.55" height="186.95" /><item type="nballoons" mcy="undefined" mcx="undefined" name="nballoons5" intextheight="237.05" intextwidth="222.55" intexty="186.45" intextx="158.25" intext="&lt;TEXTFORMAT LEADING=&quot;2&quot;&gt;&lt;P ALIGN=&quot;CENTER&quot;&gt;&lt;FONT FACE=&quot;Comic Sans MS&quot; SIZE=&quot;14&quot; COLOR=&quot;#000000&quot; LETTERSPACING=&quot;0&quot; KERNING=&quot;1&quot;&gt;Ο Κύριος παρουσιάστηκε στον Αβραάμ, κοντά στη Δρυ Μαμβρή ενώ αυτός  καθόταν στο άνοιγμα της σκηνής του κατά το μεσημέρι. Σήκωσε τα μάτια του και  είδε τρεις άντρες να στέκονται απέναντί του. Αμέσως έτρεξε να τους  προϋπαντήσει και τους προσκύνησε ως τη γη.&lt;/FONT&gt;&lt;/P&gt;&lt;/TEXTFORMAT&gt;&lt;TEXTFORMAT LEADING=&quot;2&quot;&gt;&lt;P ALIGN=&quot;CENTER&quot;&gt;&lt;FONT FACE=&quot;Comic Sans MS&quot; SIZE=&quot;12&quot; COLOR=&quot;#000000&quot; LETTERSPACING=&quot;0&quot; KERNING=&quot;1&quot;&gt;&lt;/FONT&gt;&lt;/P&gt;&lt;/TEXTFORMAT&gt;" depth="47" x="269.55" y="169.45" width="244.45" height="251.05" /></ComicBook>